# One account per line, email and password separated by a colon:
#
#   you@gmail.com:YourPassword
#
# The password is optional — sign-in uses the code emailed to the catch-all,
# so an email on its own is a valid line:
#
#   you@gmail.com
#
# Everything after the first colon is the password, so passwords containing
# colons or commas are safe. Blank lines and #-comments are ignored, and a bad
# line is skipped with a warning rather than stopping the run.
#
# Proxies are NOT set here — they come from walmart_proxies.txt.

you+wm1@gmail.com:YourPassword1
you+wm2@gmail.com:YourPassword2
